id,Раздел,Слово
1,№8 (гласные в корне),разгОреться
2,№8 (гласные в корне),оштрАфовать
3,№8 (гласные в корне),прилАгать
4,№8 (гласные в корне),прикОснуться
5,№8 (гласные в корне),кАлАмбур
6,№8 (гласные в корне),тЕоретик
7,№8 (гласные в корне),заблИставший
8,№8 (гласные в корне),избИрательный
9,№8 (гласные в корне),перИодически
10,№8 (гласные в корне),предполАгать
11,№8 (гласные в корне),теОретик
12,№8 (гласные в корне),периОдически
13,№8 (гласные в корне),резИденция
14,№8 (гласные в корне),аннОтация
15,№8 (гласные в корне),заблИстал
16,№8 (гласные в корне),рАстение
17,№8 (гласные в корне),скрИпучий
18,№8 (гласные в корне),рЕзиденция
19,№8 (гласные в корне),покОряющий
20,№8 (гласные в корне),дИлетант
21,№8 (гласные в корне),зАря
22,№8 (гласные в корне),загОрелый
23,№8 (гласные в корне),кАсаться
24,№8 (гласные в корне),дилЕтант
25,№8 (гласные в корне),бАгаж
26,№8 (гласные в корне),офОрмлять
27,№8 (гласные в корне),озАрило
28,№8 (гласные в корне),водорОсли
29,№8 (гласные в корне),запИраются
30,№8 (гласные в корне),обжИгаться
31,№8 (гласные в корне),прослАвлять
32,№8 (гласные в корне),окОлдовать
33,№8 (гласные в корне),крЕстьянин
34,№8 (гласные в корне),пригОревшая
35,№8 (гласные в корне),затЕмнённый
36,№8 (гласные в корне),блЕстеть
37,№8 (гласные в корне),вытИраться
38,№8 (гласные в корне),рЕшение
39,№8 (гласные в корне),кОмпетентность
40,№8 (гласные в корне),компЕтентность
41,№8 (гласные в корне),зЕмлетрясение
42,№8 (гласные в корне),прИоритет
43,№8 (гласные в корне),озАряться
44,№8 (гласные в корне),землетрЯсение
45,№8 (гласные в корне),приОритет
46,№8 (гласные в корне),расстИлается
47,№8 (гласные в корне),выскОчка
48,№8 (гласные в корне),разрОслась
49,№8 (гласные в корне),сувЕренитет
50,№8 (гласные в корне),полЕмист
51,№8 (гласные в корне),загОрелась
52,№8 (гласные в корне),располАгаться
53,№8 (гласные в корне),суверЕнитет
54,№8 (гласные в корне),пОлемист
55,№8 (гласные в корне),порОсль
56,№8 (гласные в корне),кОнфорка
57,№8 (гласные в корне),несгОраемый
58,№8 (гласные в корне),стОрожить
59,№8 (гласные в корне),обжИгающий
60,№8 (гласные в корне),сторОжить
61,№8 (гласные в корне),сЕрдитый
62,№8 (гласные в корне),прикАсаться
63,№8 (гласные в корне),выбИрать
64,№8 (гласные в корне),загОрелый
65,№8 (гласные в корне),экспОнат
66,№8 (гласные в корне),обознАчавший
67,№8 (гласные в корне),подгОрело
68,№8 (гласные в корне),вытИравший
69,№8 (гласные в корне),забИрать
70,№8 (гласные в корне),элЕмент
71,№8 (гласные в корне),альмАнах
72,№8 (гласные в корне),соприкОснувшись
73,№8 (гласные в корне),располАгаться
74,№8 (гласные в корне),обогАщение
75,№8 (гласные в корне),дИректива
76,№8 (гласные в корне),Альманах
77,№8 (гласные в корне),издАлека
78,№8 (гласные в корне),выбИрать
79,№8 (гласные в корне),кАвычки
80,№8 (гласные в корне),кОснуться
81,№8 (гласные в корне),орИгинальный
82,№8 (гласные в корне),оригИнальный
83,№8 (гласные в корне),рАстительность
84,№8 (гласные в корне),рЕгламент
85,№8 (гласные в корне),щЕбетать
86,№8 (гласные в корне),забИраясь
87,№8 (гласные в корне),водорОсли
88,№8 (гласные в корне),винЕгрет
89,№8 (гласные в корне),создАвать
90,№8 (гласные в корне),вИнегрет
91,№8 (гласные в корне),замЕреть от восторга
92,№8 (гласные в корне),семИнар
93,№8 (гласные в корне),теАтральный
94,№8 (гласные в корне),прилАгаться
95,№8 (гласные в корне),тЕатральный
96,№8 (гласные в корне),сЕминар
97,№8 (гласные в корне),экзАменатор
98,№8 (гласные в корне),экзамЕнатор
99,№8 (гласные в корне),авАнгард
100,№8 (гласные в корне),фИлармония
101,№8 (гласные в корне),утрАмбовать
102,№8 (гласные в корне),филАрмония
103,№8 (гласные в корне),напомИнание
104,№8 (гласные в корне),кАрьерист
105,№8 (гласные в корне),предполАгать
106,№9 (приставки слов),прИуныть (e/и)
107,№9 (приставки слов),прЕграда (e/и)
108,№9 (приставки слов),прИкрепил (e/и)
109,№9 (приставки слов),прЕумный (e/и)
110,№9 (приставки слов),обеЗболить (з/с)
111,№9 (приставки слов),воЗдать (з/с)
112,№9 (приставки слов),оТдать (д/т)
113,№9 (приставки слов),наДстроить (д/т)
114,№9 (приставки слов),разОбрать (а/о)
115,№9 (приставки слов),нАдорвал (а/о)
116,№9 (приставки слов),иСходящий (з/с)
117,№9 (приставки слов),оТдал (д/т)
118,№9 (приставки слов),раЗбил (з/с)
119,№9 (приставки слов),прЕстарелый (e/и)
120,№9 (приставки слов),прИник (e/и)
121,№9 (приставки слов),позАвчера (а/о)
122,№9 (приставки слов),пОчитать (а/о)
123,№9 (приставки слов),прИкоснулся (e/и)
124,№9 (приставки слов),прИзыв (e/и)
125,№9 (приставки слов),наДписать (д/т)
126,№9 (приставки слов),оТбросить (д/т)
127,№9 (приставки слов),поДтягивать (д/т)
128,№9 (приставки слов),прЕмудрый (e/и)
129,№9 (приставки слов),прИбой (e/и)
130,№9 (приставки слов),пОжалеть (а/о)
131,№9 (приставки слов),нАдломить (а/о)
132,№9 (приставки слов),иСточить (з/с)
133,№9 (приставки слов),беСценный (з/с)
134,№9 (приставки слов),прЕвозмочь (e/и)
135,№9 (приставки слов),прИшёл (e/и)
136,№9 (приставки слов),прИшелец (e/и)
137,№9 (приставки слов),прЕуспел (e/и)
138,№9 (приставки слов),беСпечный (з/с)
139,№9 (приставки слов),иЗдать (з/с)
140,№9 (приставки слов),прЕследую (e/и)
141,№9 (приставки слов),прИпасы (e/и)
142,№9 (приставки слов),оТданный (д/т)
143,№9 (приставки слов),наДпись (д/т)
144,№9 (приставки слов),подОшёл (а/о)
145,№9 (приставки слов),сОвучие (а/о)
146,№9 (приставки слов),раЗжать (з/с)
147,№9 (приставки слов),ниСпадать (з/с)
148,№9 (приставки слов),поДсказать (д/т)
149,№9 (приставки слов),оТбор (д/т)
150,№9 (приставки слов),прИручил (e/и)
151,№9 (приставки слов),прЕнебрёг (e/и)
152,№9 (приставки слов),сОгласие (а/о)
153,№9 (приставки слов),позАвчера (а/о)
154,№9 (приставки слов),прЕуспеть (e/и)
155,№9 (приставки слов),прЕумный (e/и)
156,№9 (приставки слов),подЪезд (ь/ъ)
157,№9 (приставки слов),обЪём (ь/ъ)
158,№9 (приставки слов),прЕломление (e/и)
159,№9 (приставки слов),прИехать (e/и)
160,№9 (приставки слов),неСговорчивый (з/с)
161,№9 (приставки слов),иЗвиваться (з/с)
162,№9 (приставки слов),препОдавать (а/о)
163,№9 (приставки слов),раСпорядок (з/с)
164,№9 (приставки слов),оТдать (д/т)
165,№9 (приставки слов),поДчеркнуть (д/т)
166,№9 (приставки слов),обОгреватель (а/о)
167,№9 (приставки слов),нАиспособнейший (а/о)
168,№9 (приставки слов),отЫгравшись (и/ы)
169,№9 (приставки слов),сверхИнтересный (и/ы)
170,№9 (приставки слов),прЕкрасно (e/и)
171,№9 (приставки слов),прЕграда (e/и)
172,№9 (приставки слов),беСкровный (з/с)
173,№9 (приставки слов),беЗвестный (з/с)
174,№9 (приставки слов),прЕследовать (e/и)
175,№9 (приставки слов),прИморский (e/и)
176,№9 (приставки слов),прИостановить (e/и)
177,№9 (приставки слов),ушЬёт (ь/ъ)
178,№9 (приставки слов),прЕисполненный (e/и)
179,№9 (приставки слов),обЪятый (ь/ъ)
180,№9 (приставки слов),обОгреть (а/о)
181,№9 (приставки слов),прОпитать (а/о)
182,№9 (приставки слов),раЗжигающий (з/с)
183,№9 (приставки слов),ниСходящий (з/с)
184,№9 (приставки слов),череСчур (з/с)
185,№9 (приставки слов),вЗбежать (з/с)
186,№9 (приставки слов),пОдорожник (а/о)
187,№9 (приставки слов),ненАглядный (а/о)
188,№9 (приставки слов),иЗбрать (з/с)
189,№9 (приставки слов),беЗзаботно (з/с)
190,№9 (приставки слов),прИмета (e/и)
191,№9 (приставки слов),прЕувеличивать (e/и)
192,№9 (приставки слов),выИграть (и/ы)
193,№9 (приставки слов),отЫмённое прилагательное (и/ы)
194,№9 (приставки слов),прИстройка (e/и)
195,№9 (приставки слов),прЕградить (e/и)
196,№9 (приставки слов),рАспорядиться (а/о)
197,№9 (приставки слов),сОгласие (а/о)
198,№9 (приставки слов),беСкровно (з/с)
199,№9 (приставки слов),прЕобразовать (e/и)
200,№9 (приставки слов),прИходящая няня (e/и)
201,№9 (приставки слов),безЫнициативный (и/ы)
202,№9 (приставки слов),поИскать (и/ы)
203,№9 (приставки слов),позАвчера (а/о)
204,№9 (приставки слов),недОварила (а/о)
205,№9 (приставки слов),проОбраз (а/о)
206,№9 (приставки слов),прАязык (а/о)
207,№9 (приставки слов),безЫдейный (и/ы)
208,№9 (приставки слов),поИграл (и/ы)
209,№9 (приставки слов),раЗбуженный (з/с)
210,№9 (приставки слов),беСпричинный (з/с)
211,№9 (приставки слов),прЕкратить (e/и)
212,№9 (приставки слов),прИслониться (e/и)
213,№9 (приставки слов),оТключить (д/т)
214,№9 (приставки слов),преДсказать (д/т)
215,№9 (приставки слов),прИвинтить (e/и)
216,№9 (приставки слов),прИвёз (e/и)
217,№9 (приставки слов),прЕграждать (e/и)
218,№9 (приставки слов),прИглушил (e/и)
219,№9 (приставки слов),иСчерпав (з/с)
220,№9 (приставки слов),неСжатый (з/с)
221,№9 (приставки слов),сОзвучно (а/о)
222,№9 (приставки слов),прАродина (а/о)
223,№9 (приставки слов),разЫскивавший (и/ы)
224,№9 (приставки слов),поИскать (и/ы)
225,№9 (приставки слов),прИгород (e/и)
226,№9 (приставки слов),прЕграда (e/и)
227,№9 (приставки слов),поДсолнечник (д/т)
228,№9 (приставки слов),оТбросить (д/т)
229,№9 (приставки слов),прИобрёл (e/и)
230,№9 (приставки слов),прИморье (e/и)
231,№9 (приставки слов),беСкультурье (з/с)
232,№9 (приставки слов),раЗбросать (з/с)
233,№9 (приставки слов),предЫстория (и/ы)
234,№9 (приставки слов),постИмпрессионизм (и/ы)
235,№9 (приставки слов),прЕвращаться (e/и)
236,№9 (приставки слов),прИгородный (e/и)
237,№9 (приставки слов),прЕвратности судьбы (e/и)
238,№9 (приставки слов),предЫдущий (и/ы)
239,№9 (приставки слов),поИграть (и/ы)
240,№9 (приставки слов),взИмать (и/ы)
241,№9 (приставки слов),неСгибаемый (з/с)
242,№9 (приставки слов),прЕследуя (e/и)
243,№9 (приставки слов),прЕграда (e/и)
244,№9 (приставки слов),прАбабушка (а/о)
245,№9 (приставки слов),предЫстория (и/ы)
246,№9 (приставки слов),контрИгра (и/ы)
247,№9 (приставки слов),камень прЕткновения (e/и)
248,№9 (приставки слов),прИсмотревшись (e/и)
249,№9 (приставки слов),ниСпослать (з/с)
250,№9 (приставки слов),сверхИнтересный (и/ы)
251,№9 (приставки слов),подЫграть (и/ы)
252,№9 (приставки слов),позАвчера (а/о)
253,№9 (приставки слов),воЗгордиться (з/с)
254,№9 (приставки слов),прЕдел терпения (e/и)
255,№9 (приставки слов),прЕследовать (e/и)
256,№9 (приставки слов),прЕуспевать (e/и)
257,№9 (приставки слов),межИнститутский (и/ы)
258,№9 (приставки слов),прЕклонный возраст (e/и)
259,№9 (приставки слов),поИмённо (и/ы)
260,№9 (приставки слов),адЪютант (ь/ъ)
261,№9 (приставки слов),обЪект (ь/ъ)
262,№9 (приставки слов),субЪект (ь/ъ)
263,№9 (приставки слов),прИпев (e/и)
264,№10 (суффиксы слов),завистлИвый
265,№10 (суффиксы слов),овладЕвать
266,№10 (суффиксы слов),затмЕвать
267,№10 (суффиксы слов),глянцЕвый
268,№10 (суффиксы слов),ключЕвой
269,№10 (суффиксы слов),затмЕвать
270,№10 (суффиксы слов),удостаИвая
271,№10 (суффиксы слов),оранжЕвый
272,№10 (суффиксы слов),дешёвЕнький
273,№10 (суффиксы слов),плюшЕвый
274,№10 (суффиксы слов),тюлЕвый
275,№10 (суффиксы слов),подмигИвать
276,№10 (суффиксы слов),выпрыгИвать
277,№10 (суффиксы слов),заманчИвый
278,№10 (суффиксы слов),доверчИвый
279,№10 (суффиксы слов),непоседлИвый
280,№10 (суффиксы слов),выдержИвать
281,№10 (суффиксы слов),подклеИвать
282,№10 (суффиксы слов),находчИвый
283,№10 (суффиксы слов),затмЕвать
284,№10 (суффиксы слов),милостИвый
285,№10 (суффиксы слов),питомЕц
286,№10 (суффиксы слов),проветрИвать
287,№10 (суффиксы слов),неуживчИвый
288,№10 (суффиксы слов),вынослИвый
289,№10 (суффиксы слов),марлЕвый
290,№10 (суффиксы слов),разукрашИвать
291,№10 (суффиксы слов),удваИвать
292,№10 (суффиксы слов),приветлИвый
293,№10 (суффиксы слов),доверчИвый
294,№10 (суффиксы слов),допрашИвать
295,№10 (суффиксы слов),милостИвый
296,№10 (суффиксы слов),корчЕвать
297,№10 (суффиксы слов),назойлИвый
298,№10 (суффиксы слов),устойчИвый
299,№10 (суффиксы слов),горЕвать
300,№10 (суффиксы слов),глянцЕвый
301,№10 (суффиксы слов),корнЕвой
302,№10 (суффиксы слов),ослабЕвать
303,№10 (суффиксы слов),находчИвый
304,№10 (суффиксы слов),марлЕвый
305,№10 (суффиксы слов),чувствитЕльный
306,№10 (суффиксы слов),ослабЕвать
307,№10 (суффиксы слов),ландышЕвый
308,№10 (суффиксы слов),окольцЕвать
309,№10 (суффиксы слов),алюминиЕвый
310,№10 (суффиксы слов),недогадлИвый
311,№10 (суффиксы слов),хитрЕнький
312,№10 (суффиксы слов),слабЕнький
313,№10 (суффиксы слов),расспрашИвать
314,№10 (суффиксы слов),назойлИвый
315,№10 (суффиксы слов),ландышЕвый
316,№10 (суффиксы слов),устойчИвый
317,№10 (суффиксы слов),улыбчИвый
318,№10 (суффиксы слов),замшЕвый
319,№10 (суффиксы слов),отклеИваться
320,№10 (суффиксы слов),подтаЯвший
321,№10 (суффиксы слов),усидчИвый
322,№10 (суффиксы слов),неуживчИвый
323,№10 (суффиксы слов),засушлИвый
324,№10 (суффиксы слов),корнЕвой
325,№10 (суффиксы слов),соломИнка
326,№10 (суффиксы слов),осваИвать
327,№10 (суффиксы слов),настойчИвый
328,№10 (суффиксы слов),мизинцЕвый
329,№10 (суффиксы слов),несговорчИвый
330,№10 (суффиксы слов),вынослИвый
331,№10 (суффиксы слов),веснушчАтый
332,№10 (суффиксы слов),пристраИвать
333,№10 (суффиксы слов),узорчАтый
334,№10 (суффиксы слов),разборчИвый
335,№10 (суффиксы слов),повесИвший
336,№10 (суффиксы слов),улыбчИвый
337,№10 (суффиксы слов),вытерпЕв
338,№10 (суффиксы слов),рулЕвой
339,№10 (суффиксы слов),выдёргИвать
340,№10 (суффиксы слов),мелЕшь
341,№10 (суффиксы слов),обуреваЕмый
342,№10 (суффиксы слов),ливнЕвый
343,№10 (суффиксы слов),выстраИвать
344,№10 (суффиксы слов),магниЕвый
345,№10 (суффиксы слов),незатейлИвый
346,№10 (суффиксы слов),настойчИвый
347,№10 (суффиксы слов),назойлИвыий
348,№11 (глаголы и причастия),склеЕнный
349,№11 (глаголы и причастия),борЕшься
350,№11 (глаголы и причастия),выучЕнный
351,№11 (глаголы и причастия),сопоставляЕмый
352,№11 (глаголы и причастия),знакомИшься
353,№11 (глаголы и причастия),узнаваЕмый
354,№11 (глаголы и причастия),проклеЕнный
355,№11 (глаголы и причастия),уверЕнный
356,№11 (глаголы и причастия),ненавидИмый
357,№11 (глаголы и причастия),отмоЕшь
358,№11 (глаголы и причастия),незыблЕмый
359,№11 (глаголы и причастия),развеЕшь
360,№11 (глаголы и причастия),прогонИшь
361,№11 (глаголы и причастия),доверЕнный
362,№11 (глаголы и причастия),начерчЕнный
363,№11 (глаголы и причастия),закончЕнный
364,№11 (глаголы и причастия),подозреваЕмый
365,№11 (глаголы и причастия),выпилИшь
366,№11 (глаголы и причастия),обнаружЕнный
367,№11 (глаголы и причастия),наколЕшь
368,№11 (глаголы и причастия),растаЕшь
369,№11 (глаголы и причастия),отлажЕнный
370,№11 (глаголы и причастия),тревожИшься
371,№11 (глаголы и причастия),подклеЕнный
372,№11 (глаголы и причастия),колеблЕмый
373,№11 (глаголы и причастия),кочуЮщий
374,№11 (глаголы и причастия),стоЯщий
375,№11 (глаголы и причастия),клеЯщий
376,№11 (глаголы и причастия),жарЯщийся
377,№11 (глаголы и причастия),теплЯщийся
378,№11 (глаголы и причастия),предъявляЕшь
379,№11 (глаголы и причастия),держИшься
380,№11 (глаголы и причастия),побелИшь
381,№11 (глаголы и причастия),обрушИвшийся
382,№11 (глаголы и причастия),недвижИмый
383,№11 (глаголы и причастия),узнаЕшь
384,№11 (глаголы и причастия),ограничИшь
385,№11 (глаголы и причастия),поверИвший
386,№11 (глаголы и причастия),слышИмый
387,№11 (глаголы и причастия),успокоИвший
388,№11 (глаголы и причастия),застелЕшь
389,№11 (глаголы и причастия),увлекаЕмый
390,№11 (глаголы и причастия),вертИшь
391,№11 (глаголы и причастия),вымучЕнный
392,№11 (глаголы и причастия),заслужЕнный
393,№11 (глаголы и причастия),увидЕнный
394,№11 (глаголы и причастия),крикнЕшь
395,№11 (глаголы и причастия),решаЕмый
396,№11 (глаголы и причастия),потонЕшь
397,№11 (глаголы и причастия),независИмый
398,№11 (глаголы и причастия),незаблЕмый
399,№11 (глаголы и причастия),неотъемлЕмый
400,№11 (глаголы и причастия),неприемлЕмый
401,№11 (глаголы и причастия),побреЕшь
402,№11 (глаголы и причастия),посеЯнные семена
403,№11 (глаголы и причастия),посеЯвший семена пахарь
404,№11 (глаголы и причастия),развеЯнный по ветру мусор
405,№11 (глаголы и причастия),развеЯвший
406,№11 (глаголы и причастия),сеЮщий крестьянин
407,№11 (глаголы и причастия),веЮщий ветер
408,№11 (глаголы и причастия),реЯвший над облаками орёл
409,№11 (глаголы и причастия),реЮщая над морем чайка
410,№11 (глаголы и причастия),блеЯвший барашек
411,№11 (глаголы и причастия),блеЮщая овечка
412,№11 (глаголы и причастия),лаЯвший пёс
413,№11 (глаголы и причастия),лаЮщая собака
414,№11 (глаголы и причастия),обхаЯвший мои стихи критик
415,№11 (глаголы и причастия),хаЮщий всех вокруг сосед
416,№11 (глаголы и причастия),затеЯвший драку зачинщик
417,№11 (глаголы и причастия),затеЯнная нами ссора
418,№11 (глаголы и причастия),кашлЯвший старик
419,№11 (глаголы и причастия),кашляЮщий ребёнок
420,№11 (глаголы и причастия),кланЯвшийся артист
421,№11 (глаголы и причастия),кланяЮщийся актёр
422,№11 (глаголы и причастия),лелеЯвший мечты поэт
423,№11 (глаголы и причастия),лелеЮщий котёнка малыш
424,№11 (глаголы и причастия),каЯвшийся грешник
425,№11 (глаголы и причастия),каЮщийся в грехах человек
426,№11 (глаголы и причастия),маЯвшийся от скуки барин
427,№11 (глаголы и причастия),маЮщийся бездельем человек
428,№11 (глаголы и причастия),надеЯвшийся на лучшее друг
429,№11 (глаголы и причастия),надеЮщийся на победу спортсмен
430,№11 (глаголы и причастия),обидЕвший
431,№11 (глаголы и причастия),слышАвший
432,№11 (глаголы и причастия),видЕвший
433,№11 (глаголы и причастия),ненавидЕвший
434,№11 (глаголы и причастия),зависЕвший
435,№11 (глаголы и причастия),слышИмый
436,№11 (глаголы и причастия),видИмый
437,№11 (глаголы и причастия),ненавидИмый
438,№11 (глаголы и причастия),зависИмый
439,№11 (глаголы и причастия),гонЯщий
440,№11 (глаголы и причастия),дышАщий
441,№11 (глаголы и причастия),держАщий
442,№11 (глаголы и причастия),слышАщий
443,№11 (глаголы и причастия),видЯщий
444,№11 (глаголы и причастия),ненавидЯщий
445,№11 (глаголы и причастия),зависЯщий
446,№11 (глаголы и причастия),терпЯщий
447,№11 (глаголы и причастия),смотрЯщий
448,№11 (глаголы и причастия),вертЯщий
449,№11 (глаголы и причастия),строИмый
450,№11 (глаголы и причастия),клеИмый
451,№11 (глаголы и причастия),строИвший
452,№11 (глаголы и причастия),клеИвший
453,№11 (глаголы и причастия),строЯщий
454,№11 (глаголы и причастия),клеЯщий
455,№11 (глаголы и причастия),таЯвший снег
456,№11 (глаголы и причастия),таЮщий снег
457,№11 (глаголы и причастия),чуЯвший опасность зверь
458,№11 (глаголы и причастия),чуЮщий запах еды кот
459,№11 (глаголы и причастия),отчаЯвшийся человек
460,№11 (глаголы и причастия),отчаЯнный поступок
461,№11 (глаголы и причастия),высмеЯвший царя поэт
462,№11 (глаголы и причастия),высмеЯнный писателем порок
463,№11 (глаголы и причастия),обгрызЕнный кусок
464,№11 (глаголы и причастия),колышУщий занавески ветер
465,№11 (глаголы и причастия),внемлЮщий голосу хозяина питомец
466,№11 (глаголы и причастия),брезжУщий рассвет
467,№11 (глаголы и причастия),колеблЕмый
468,№11 (глаголы и причастия),омываЕмый
469,№11 (глаголы и причастия),недосягаЕмый
470,№11 (глаголы и причастия),шифруЕмый
471,№11 (глаголы и причастия),подбадриваЕмый
472,№11 (глаголы и причастия),расходуЕмые
473,№11 (глаголы и причастия),пригреваЕмое
474,№11 (глаголы и причастия),шепчЕшь
475,№11 (глаголы и причастия),сыплЕшь
476,№11 (глаголы и причастия),постигнЕшь
477,№11 (глаголы и причастия),сваЯнная из глины фигура женщины
478,№11 (глаголы и причастия),спаЯнные железные пластины
479,№11 (глаголы и причастия),не приемлЮщий ложь человек
480,№11 (глаголы и причастия),негодуЮщий от несправедливости герой
481,№14 (Н и НН в словах),глиняНый
482,№14 (Н и НН в словах),подлиННый
483,№14 (Н и НН в словах),студёНая вода
484,№14 (Н и НН в словах),нравствеННый
485,№14 (Н и НН в словах),традициоННых
486,№14 (Н и НН в словах),собствеННое
487,№14 (Н и НН в словах),поистиНе
488,№14 (Н и НН в словах),деревяННые
489,№14 (Н и НН в словах),несомнеННо
490,№14 (Н и НН в словах),первоздаННым
491,№14 (Н и НН в словах),совершеННо
492,№14 (Н и НН в словах),масляНая краска
493,№14 (Н и НН в словах),маслеНый блин
494,№14 (Н и НН в словах),ветреНый день
495,№14 (Н и НН в словах),ветряНой двигатель
496,№14 (Н и НН в словах),безветреННая погода
497,№14 (Н и НН в словах),подветреННая сторона дома
498,№14 (Н и НН в словах),солёНый суп
499,№14 (Н и НН в словах),соляНая пещера
500,№14 (Н и НН в словах),серебряНая ложка (сделана из него)
501,№14 (Н и НН в словах),серебрёНая ложка (покрыта им)
502,№14 (Н и НН в словах),крашеНый пол
503,№14 (Н и НН в словах),ткаНый кошелёк
504,№14 (Н и НН в словах),зваНый гость
505,№14 (Н и НН в словах),картиННо вздыхая
506,№14 (Н и НН в словах),сушеНая малина
507,№14 (Н и НН в словах),потогоННое средство
508,№14 (Н и НН в словах),формеННый
509,№14 (Н и НН в словах),раННий
510,№14 (Н и НН в словах),постороННий
511,№14 (Н и НН в словах),уценёННая вещь
512,№14 (Н и НН в словах),гостиНица
513,№14 (Н и НН в словах),маслеНица
514,№14 (Н и НН в словах),нефтяНик
515,№14 (Н и НН в словах),торфяНик
516,№14 (Н и НН в словах),мучеНик
517,№14 (Н и НН в словах),учеНик
518,№14 (Н и НН в словах),свящеННик
519,№14 (Н и НН в словах),песчаНик
520,№14 (Н и НН в словах),юНость
521,№14 (Н и НН в словах),пряНик
522,№14 (Н и НН в словах),вареНик
523,№14 (Н и НН в словах),путаНица
524,№14 (Н и НН в словах),ветреНость
525,№14 (Н и НН в словах),леНость
526,№14 (Н и НН в словах),измеННик
527,№14 (Н и НН в словах),подстакаННик
528,№14 (Н и НН в словах),полеННица
529,№14 (Н и НН в словах),мошеННИк
530,№14 (Н и НН в словах),родствеННик
531,№14 (Н и НН в словах),стороННик
532,№14 (Н и НН в словах),имениННик
533,№14 (Н и НН в словах),подлиННик
534,№14 (Н и НН в словах),выдержаННость
535,№14 (Н и НН в словах),утоплеННик
536,№14 (Н и НН в словах),воспитаННик
537,№14 (Н и НН в словах),родствеННый
538,№14 (Н и НН в словах),постороННий
539,№14 (Н и НН в словах),имениННый
540,№14 (Н и НН в словах),подлиННый
541,№14 (Н и НН в словах),подлиННость
542,№14 (Н и НН в словах),воспитаННость
543,№14 (Н и НН в словах),дружиННик
544,№14 (Н и НН в словах),малиННик
545,№14 (Н и НН в словах),осиННик
546,№14 (Н и НН в словах),рябиННик
547,№14 (Н и НН в словах),беспридаННица
548,№14 (Н и НН в словах),коННица
549,№14 (Н и НН в словах),звоННица
550,№14 (Н и НН в словах),бессоННица
551,№14 (Н и НН в словах),юНый
552,№14 (Н и НН в словах),пьяНый
553,№14 (Н и НН в словах),рьяНый
554,№14 (Н и НН в словах),сиНий
555,№14 (Н и НН в словах),зелёНый
556,№14 (Н и НН в словах),багряНый
557,№14 (Н и НН в словах),рдЯный
558,№14 (Н и НН в словах),румяНый
559,№14 (Н и НН в словах),пряНый
560,№14 (Н и НН в словах),бараНий
561,№14 (Н и НН в словах),свиНой
562,№14 (Н и НН в словах),болезнеННость
563,№14 (Н и НН в словах),гривеННик
564,№14 (Н и НН в словах),довереННость
565,№14 (Н и НН в словах),жемаННица
566,№14 (Н и НН в словах),невидаННый
567,№14 (Н и НН в словах),неслыхаННый
568,№14 (Н и НН в словах),негадаННый
569,№14 (Н и НН в словах),неждаННый
570,№14 (Н и НН в словах),нечаяННый
571,№14 (Н и НН в словах),отчаяННый
572,№14 (Н и НН в словах),желаННый
573,№14 (Н и НН в словах),жемаННый
574,№14 (Н и НН в словах),медлеННый
575,№14 (Н и НН в словах),меняННый
576,№14 (Н и НН в словах),чваННый
577,№14 (Н и НН в словах),чекаННый
578,№14 (Н и НН в словах),делаННый
579,№14 (Н и НН в словах),свящеННый
580,№14 (Н и НН в словах),тлеННый
581,№14 (Н и НН в словах),окаяННый
582,№14 (Н и НН в словах),смышлёНый
583,№14 (Н и НН в словах),кончеНый человек
584,№14 (Н и НН в словах),Андрей ПервозваННый
585,№14 (Н и НН в словах),избаловаННость
586,№14 (Н и НН в словах),избраННик
587,№14 (Н и НН в словах),изгнаННик
588,№14 (Н и НН в словах),листвеННица
589,№14 (Н и НН в словах),нечаяННость
590,№14 (Н и НН в словах),образоваННость
591,№14 (Н и НН в словах),обществеННик
592,№14 (Н и НН в словах),организоваННость
593,№14 (Н и НН в словах),плеННик
594,№14 (Н и НН в словах),послаННик
595,№14 (Н и НН в словах),привилегироваННость
596,№14 (Н и НН в словах),производствеННик
597,№14 (Н и НН в словах),пшеННик
598,№14 (Н и НН в словах),ремеслеННик
599,№14 (Н и НН в словах),совремеННик
600,№14 (Н и НН в словах),согласоваННость
601,№14 (Н и НН в словах),тумаННость
602,№14 (Н и НН в словах),багряНица
603,№14 (Н и НН в словах),ветреНик
604,№14 (Н и НН в словах),дровяНик
605,№14 (Н и НН в словах),конопляНик
606,№14 (Н и НН в словах),копчеНости
607,№14 (Н и НН в словах),костяНика
608,№14 (Н и НН в словах),мудрёНость
609,№14 (Н и НН в словах),овсяНица
610,№14 (Н и НН в словах),смышлеНость
611,№14 (Н и НН в словах),ольшаНик
612,№14 (Н и НН в словах),омшаНик
613,№14 (Н и НН в словах),стариННый
614,№14 (Н и НН в словах),необыкновеННый
615,№14 (Н и НН в словах),неждаННо-негадаННо
616,№14 (Н и НН в словах),точёНый силуэт
617,№14 (Н и НН в словах),особеННо важно
618,№14 (Н и НН в словах),белёНая стена
619,№14 (Н и НН в словах),торжествеННо сказал
620,№14 (Н и НН в словах),ледяНой
621,№14 (Н и НН в словах),камеННый
622,№14 (Н и НН в словах),низмеННость
623,№14 (Н и НН в словах),низмеННый
624,№14 (Н и НН в словах),вдохновеННый порыв
625,№14 (Н и НН в словах),вдохновлёННый поэт
626,№14 (Н и НН в словах),стекляННый
627,№14 (Н и НН в словах),оловяННый
628,№14 (Н и НН в словах),деревяННый
629,№14 (Н и НН в словах),песчаНый
630,№14 (Н и НН в словах),гусиНый
631,№14 (Н и НН в словах),тыквеННЫй
632,№14 (Н и НН в словах),царствеННый
633,№14 (Н и НН в словах),стариННый
634,№14 (Н и НН в словах),истиННый
635,№14 (Н и НН в словах),картиННый
636,№14 (Н и НН в словах),подлиННый
637,№14 (Н и НН в словах),дельфиНий
638,№14 (Н и НН в словах),свиНой
639,№14 (Н и НН в словах),бараНий
640,№14 (Н и НН в словах),фазаНий
641,№14 (Н и НН в словах),олеНий
642,№14 (Н и НН в словах),копчеНый окорок
643,№14 (Н и НН в словах),верный поддаННый
644,№14 (Н и НН в словах),подлиННая картина
645,№14 (Н и НН в словах),морожеНое с орехом
646,№14 (Н и НН в словах),подокоННик
647,№14 (Н и НН в словах),первоздаННый
648,№14 (Н и НН в словах),обществеННость
649,№14 (Н и НН в словах),длиНа окружности
650,№14 (Н и НН в словах),длиННый
651,№14 (Н и НН в словах),морожеНое мясо
652,№14 (Н и НН в словах),варёНая свёкла
653,№14 (Н и НН в словах),жареНая котлета
654,№14 (Н и НН в словах),печёНые овощи
655,№14 (Н и НН в словах),вялеНая рыба
656,№14 (Н и НН в словах),сушёНый укроп
657,№14 (Н и НН в словах),кипячёНая вода
658,№14 (Н и НН в словах),топлёНое молоко
659,№14 (Н и НН в словах),толчёНый горох
660,№14 (Н и НН в словах),мочёНые яблоки
661,№14 (Н и НН в словах),квашеНая капуста
662,№14 (Н и НН в словах),перчёНый салат
663,№14 (Н и НН в словах),слащёНый чай
664,№14 (Н и НН в словах),рублеНое мясо
665,№14 (Н и НН в словах),рваНые паруса
666,№14 (Н и НН в словах),тушёНый плов
667,№14 (Н и НН в словах),плавлеНый свр
668,№14 (Н и НН в словах),глажеНый пиджак
669,№14 (Н и НН в словах),стираНые носки
670,№14 (Н и НН в словах),белёНый потолок
671,№14 (Н и НН в словах),путаНый клубок ниток
672,№14 (Н и НН в словах),ткаНые ковры
673,№14 (Н и НН в словах),ношеНое платье
674,№14 (Н и НН в словах),гружёНый вагон
675,№14 (Н и НН в словах),драНый чулок
676,№14 (Н и НН в словах),гранёНый стакан
677,№14 (Н и НН в словах),клеёНая скатерть
678,№14 (Н и НН в словах),точёНый силуэт
679,№14 (Н и НН в словах),кручёНый хлеб
680,№14 (Н и НН в словах),золочёНый скипетр
681,№14 (Н и НН в словах),писаНый красавец
682,№14 (Н и НН в словах),дарёНый конь
683,№14 (Н и НН в словах),пахаНое поле
684,№14 (Н и НН в словах),зваНый гость
685,№14 (Н и НН в словах),прошеНый подарок
686,№14 (Н и НН в словах),учёНый муж
687,№14 (Н и НН в словах),сеяНая полоса
688,№14 (Н и НН в словах),паяНые электрические контакты
689,№14 (Н и НН в словах),клёваНое пшено
690,№14 (Н и НН в словах),жёваНый хлеб
691,№14 (Н и НН в словах),ранеНый боец
692,№14 (Н и НН в словах),стрижеНый мальчик
693,№14 (Н и НН в словах),пугаНый воробей
694,№14 (Н и НН в словах),мудрёНый закон
695,№14 (Н и НН в словах),мариноваННый гриб
696,№14 (Н и НН в словах),консервироваННый продукт
697,№14 (Н и НН в словах),корчёваННый пень
698,№14 (Н и НН в словах),куплеННый товар
699,№14 (Н и НН в словах),найдеННый рецепт
700,№14 (Н и НН в словах),решёННая проблема
701,№14 (Н и НН в словах),брошеННые игрушки
702,№14 (Н и НН в словах),арестоваННый преступник